luffy's boat shop|syrup village|9023889908
1HGCM82633A446384|2018|BMW|X3|Red|135602|24244.98
1HGCM82633A801472|2016|BMW|5 Series|Black|107509|12962.61
1HGCM82633A800185|2019|Ford|Escape|Green|59477|15145.81
1HGCM82633A568841|2014|Honda|Civic|Red|89662|28125.06
1HGCM82633A304902|2005|Honda|Civic|White|134112|24231.7
1HGCM82633A523776|2018|Hyundai|Tucson|Red|177716|17071.93
1HGCM82633A334469|2012|Nissan|Sentra|Gray|151452|9952.46
1HGCM82633A404294|2019|Acura|TLX|Silver|43909|29701.42
1HGCM82633A616378|2010|Nissan|Sentra|Red|99557|14462.93
1HGCM82633A382939|2019|Honda|Accord|Silver|25650|19072.5
1HGCM82633A105094|2020|Nissan|Sentra|Black|49418|7397.48
1HGCM82633A432643|2016|Mercedes-Benz|GLA|Gray|108801|24393.85
1HGCM82633A292100|2018|Hyundai|Sonata|Green|120788|28673.07
1HGCM82633A520672|2008|Honda|Accord|Gray|57798|4993.07
1HGCM82633A762755|2005|BMW|5 Series|Gray|117087|19708.34
1HGCM82633A990141|2020|Mercedes-Benz|E350|Gray|199816|9611.62
1HGCM82633A866216|2006|Ford|Escape|Silver|91789|14817.53
1HGCM82633A978491|2005|Toyota|Corolla|Blue|84992|4411.86
1HGCM82633A133919|2010|Toyota|RAV4|Black|189772|5734.81
1HGCM82633A247107|2010|Honda|CR-V|Gray|129177|6686.27
1HGCM82633A517092|2013|BMW|3 Series|Silver|90279|16590.48
1HGCM82633A774738|2019|Hyundai|Elantra|Red|118790|26628.24
1HGCM82633A668927|2005|Toyota|Corolla|Blue|178357|22470.76
1HGCM82633A956014|2012|Nissan|Rogue|White|55179|21518.37
1HGCM82633A870977|2008|BMW|X3|Gray|116299|7783.7
1HGCM82633A836166|2009|Chevrolet|Equinox|Green|151076|17929.29
1HGCM82633A576943|2013|Nissan|Sentra|Black|51756|17557.61
1HGCM82633A618148|2006|Kia|Sorento|Gray|88811|12941.92
1HGCM82633A391070|2010|Mercedes-Benz|GLA|Green|151378|26777.23
1HGCM82633A836748|2008|Honda|Accord|Black|66259|15333.68
1HGCM82633A638653|2007|Kia|Optima|White|186894|16669.93
1HGCM82633A232965|2018|Honda|Accord|Black|105326|6250.57
1HGCM82633A293612|2007|Hyundai|Elantra|Green|168065|12106.1
1HGCM82633A219173|2020|Mercedes-Benz|C-Class|White|95989|21908.27
1HGCM82633A653652|2018|Honda|Civic|White|62636|8333.65
1HGCM82633A494188|2006|Kia|Optima|Silver|74130|25232.61
1HGCM82633A950056|2015|BMW|3 Series|Red|34498|7095.14
1HGCM82633A824912|2017|Honda|CR-V|Green|46108|8749.72
1HGCM82633A881212|2012|Nissan|Altima|Silver|62481|18293.99
1HGCM82633A654420|2010|Honda|CR-V|Silver|52068|22497.5
1HGCM82633A716220|2013|Mercedes-Benz|GLA|White|129258|23760.89
1HGCM82633A224233|2012|Ford|Mustang|White|90732|7454.58
1HGCM82633A547208|2007|Nissan|Sentra|White|84822|18077.3
1HGCM82633A333913|2015|Chevrolet|Malibu|Black|178512|14083.0
1HGCM82633A438570|2013|Mercedes-Benz|GLA|Black|52980|9742.22
1HGCM82633A681379|2020|Honda|CR-V|Green|46688|3227.65
1HGCM82633A770474|2015|Nissan|Sentra|Black|189447|26297.63
1HGCM82633A608610|2009|Hyundai|Elantra|Green|187926|3588.37
1HGCM82633A996387|2020|Honda|Civic|Blue|136513|25716.57
1HGCM82633A623336|2006|Hyundai|Sonata|White|75396|4869.37
